sku;pais;precio
284525CLMFBA;IT;18.95
4365VCI;ES;9.50
40203SGI;ES;21.99
30925MD;IT;59.95
31442SG;ES;21.95
40973MDFBA;ES;29.90
40973MDFBA;DE;29.90
40973MDFBA;FR;37.95
40973MDFBA;IT;31.90
40973MD;ES;31.40
309287DCI;ES;19.99
311544DCI;FR;23.95
284531CLMFBA;DE;14.95
284531CLMFBA;FR;14.95
284531CLMFBA;IT;14.95
284531CLM;ES;11.95
257VC;ES;135.00
257VC;DE;140.00
257VC;FR;141.00
257VC;IT;142.00
2684319CLM;ES;19.99
308967DCI;ES;23.95
20006MDFBA;ES;89.00
20006MDFBA;DE;89.00
20006MDFBA;FR;89.00
20006MDFBA;IT;89.00
20006MDFBA;NL;89.00
BUNDLE-SPA-JADE-GUASHA;ES;19.90
BUNDLE-SPA-JADE-GUASHA;DE;19.90
BUNDLE-SPA-JADE-GUASHA;FR;19.90
BUNDLE-SPA-JADE-GUASHA;IT;19.90
BUNDLE-SPA-JADE-GUASHA;NL;19.90
BUNDLE-MESA-BOHO-MIMBRE;ES;19.95
BUNDLE-MESA-BOHO-MIMBRE;DE;19.95
BUNDLE-MESA-BOHO-MIMBRE;FR;19.95
BUNDLE-MESA-BOHO-MIMBRE;IT;19.95
BUNDLE-MESA-BOHO-MIMBRE;NL;19.95
BUNDLE-PANOT-BARCELONA;ES;24.95
BUNDLE-PANOT-BARCELONA;DE;24.95
BUNDLE-PANOT-BARCELONA;FR;24.95
BUNDLE-PANOT-BARCELONA;IT;24.95
BUNDLE-PANOT-BARCELONA;NL;24.95
BUNDLE-COCINA-SAL-AZUC;ES;22.95
BUNDLE-COCINA-SAL-AZUC;DE;22.95
BUNDLE-COCINA-SAL-AZUC;FR;22.95
BUNDLE-COCINA-SAL-AZUC;IT;22.95
BUNDLE-COCINA-SAL-AZUC;NL;22.95
BUNDLE-NAUTICO-FARO-SET;ES;44.95
BUNDLE-NAUTICO-FARO-SET;DE;44.95
BUNDLE-NAUTICO-FARO-SET;FR;44.95
BUNDLE-NAUTICO-FARO-SET;IT;44.95
BUNDLE-NAUTICO-FARO-SET;NL;44.95
